{
  "codingAbility": {
    "precision": 1.0,
    "recall": 1.0,
    "f1-score": 1.0,
    "support": 10,
    "confused_with": {}
  },
  "studyField": {
    "precision": 1.0,
    "recall": 0.8888888888888888,
    "f1-score": 0.9411764705882353,
    "support": 27,
    "confused_with": {}
  },
  "language": {
    "precision": 1.0,
    "recall": 1.0,
    "f1-score": 1.0,
    "support": 9,
    "confused_with": {}
  },
  "staffEmail": {
    "precision": 0.0,
    "recall": 0.0,
    "f1-score": 0.0,
    "support": 5,
    "confused_with": {}
  },
  "module": {
    "precision": 1.0,
    "recall": 0.5625,
    "f1-score": 0.72,
    "support": 16,
    "confused_with": {
      "keywords": 7
    }
  },
  "keywords": {
    "precision": 0.25,
    "recall": 1.0,
    "f1-score": 0.4,
    "support": 3,
    "confused_with": {}
  },
  "userName": {
    "precision": 0.0,
    "recall": 0.0,
    "f1-score": 0.0,
    "support": 9,
    "confused_with": {}
  },
  "micro avg": {
    "precision": 0.859375,
    "recall": 0.6962025316455697,
    "f1-score": 0.7692307692307693,
    "support": 79
  },
  "macro avg": {
    "precision": 0.6071428571428571,
    "recall": 0.6359126984126985,
    "f1-score": 0.5801680672268908,
    "support": 79
  },
  "weighted avg": {
    "precision": 0.7943037974683544,
    "recall": 0.6962025316455697,
    "f1-score": 0.723186895011169,
    "support": 79
  },
  "accuracy": 0.9618208516886931
}